bots,fid
remindme,2684
launch,2864
perl,1110
mintit,7068
alert,3431
survey,9595
paragraph,12312
bountybot,20596
translate,397823
ballot,398983
events,259203
indexer,317907
degenbot,217745
ditti,8961
faucetbot,615898
paybot,364927
payflow,211734
modbot,861203
aether,14199
elefant,533608
mfergpt,853707
agentmilo,870483
quaestor,873884
askgina.eth,382802
atlas,12193
talentmate.eth,196040
clanker,874542
tinybot,901825
larrybot,895358
wowza,876009
heyterminal,877088
netprotocol,866151
launchtokenbot,414440
jamai,899180
bogusbob,878788
toka,400242
enjoyr,899317
zerebro,869379
artto-ai,887258
palette,870516
harmonybot,886265
bankr,886870
doxxbot,203786
mecode,883378
huntbot,702530
fanbot,743666
roundsbot,262301
swapbot,387258
floatybot,460287
degentipbot.eth,403507
dickbot,898337
yourreplyguy,1073953
caststorage,393891
rumour,884230
rumournews.eth,1013079
ClankPad,912361
jutta,879602
gigbot.eth,368093
nftsoffc,211674
taro,509
bot,981
ncbot,1026
event,1149
nerman,3729
picture,4640
essay,5716
pay,6192
gavi-bot,6365
search,6862
healthbot,8304
tester1.eth,9101
mm-fc-chris-2,9107
mm-fc-test-3,9112
chessbot,8388
purplebot,10512
vangogh,10520
builder-dao,10604
nouns-dao,10605
alphabot,10737
gpt,11022
save,11118
frensbot,11333
cryptoadz,11971
warhol,12167
artblocks-bot,12227
gauguin,12259
brightmomentsbot,12262
zenweb3alerts,12319
botfrens,12408
notes,12468
thatswhatshesaid,12520
thatswhattheysay,12521
artbotica,12629
braindrops-bot,13259
kiwi-bot,13397
fc-kiwi-bot2,13398
faragent,938363
claude,12931
hypeshotbot,13429
botto-updates,13842
android,13937
blobs-bot,14103
foundation-bot,16212
fc1,20396
conversator,18062
jarvis,20418
bounties-bot,20514
alicebot,20590
charliebot.eth,20609
where,20780
kevinsbot,20803
pepexrobot,20818
bbtest,20840
deceptobot,21575
lancha,21674
sujibot,21796
noundry,188952
lootbot,189069
flashbots,189790
future-bot,191189
tradingbot,191764
gmbot,192012
degen-agent,193909
curate,197054
agorabot,197075
deloreanbot,201754
degan,210662
pointsbot,210780
builderfibot,210833
fomo-bot,210974
experimentguy,211845
blockbot,846887
petbot,213395
boyrobot,215534
yoyo-bot,218831
karmabot,220570
BoostBot,222253
avneeshtest,225710
channelbot,227258
karmatestbot,231642
degen-tip.eth,317643
degentokenbase,244128
beearlybot,574472
masks-bot,502254
degentips-bot.eth,390237
buildbot,531162
moxie-bot.eth,366841
banyanbot,851481
warpcastbot,460608
fomobot,473086
degen-tipbot,365387
wildbot,786858
buildb0t,260657
stokefire,845575
dtruck,386739
masks-tipper,807370
channel-bot,725881
botornot,480626
tradebot,641760
framesbot,296697
degentip-bots,388980
hotpotato,472922
alea.eth,391387
ogsalesbot,403248
dsart,788096
hyperbot,396644
redbull,251318
pixelnouns,504131
breeze3361,506211
wagmibot,711494
degenbott,942238
basepaint-bot,400437
jacekai,983461
captrobot,333422
givebot,389267
mastergrief,957217
sonatabot,538721
adbot,996942
curabot,864314
dpunksbot,506717
swatchesbot,473035
hellobot,250304
chatbot,832033
drbfam.eth,879491
reaction,450425
reachbot,891792
poidhbot,814040
rocketfun,899405
alfafrensbot,573885
solanadegen,278462
dwhfakgc,825583
nyanbot,520677
alertsbot,853068
JestrBot,1020308
farlaunchbot,462145
glanker,885622
qabot,861054
impactbot,388571
nectarbot,365031
cyberbot,312754
highlight-bot,374189
basecolorsbot,915910
fartherbot,816433
xxbot1,274854
xxbot2,275328
brenbot,670648
agentgpt,943614
basewtfbot,845798
clenker,886486
bitbot,474339
friesgpt,848862
claimkerbot,943949
thedogbot,995566
higher-bot,1087805
aiagentxbt,1086844
intelligentclank,1084203
agentpluto,1084666
kash-bot,1076951
jumpfun,1076644
benibot,1076564
cindyaiagent,1069921
rainbowbot,1058011
robotichugo,1059134
emailtokenbot2,1051688
coininzorabot,1051524
mylife30,1050929
cryptobrief,1059779
coincastbot,1059812
aetherbot,1059825
aixbtagent,1059829
eiptool,1060418
winstreakio,1060731
robotk,1061110
bigbugai,1041119
spyaiagent,1041198
glowbots,1041320
lettersbot,1041440
yieldguildbot,1042110
gigbot,1042122
betswirlbot,1042149
flashwashbot,1042155
wldotbot,1042275
testing123bot,1042286
paybots,1042452
huntbots,1042491
harmonybots,1043200
prophetbot,1043637
amplebot,1043734
miorbot,1043762
casterscanbot,1044482
valkyrbot,1044680
zora-agent,1044962
pond3r,1045480
g3nius-agent,1045482
trump-bot,1045647
testing-bot,1045648
freegpt,1045825
musebot,1045908
bepeagent,1045971
aipumpbot,1046142
agent47trump,1047080
rizool,1047271
senpi-ai,1048590
auracoin,1048994
openaibot,1049963
mooniebot,1049965
procoin,1093494
solanaslothbot,1020001
casteragents,1020116
syntra,1020195
tokendeloy,1020280
testagent1145,1020346
chadbot9000,1020429
testagent2451,1020430
realbasedbot,1020516
wlbot,1020731
basedelizaos,1021012
grokxai,1021108
neurabot,1021367
microgptcoin,1021421
mftai,1021457
faragentic,1021566
castagentic,1021576
skaldaiagent,1021584
pepeagent,1021622
esper-agent,1021646
walrusbot,1021698
sambot1,1021823
grokagentic,1021981
pingbot,1022048
serenitybotai,1022050
araxbot,1022101
layerrobot,1022135
catsagentai,1022206
checkdotbot,1022246
microvisionbot,1022262
grokmissionx,1022342
neoxbot,1022348
palebluedotai,1022444
barrybot,1022465
taxreliefbot,1022595
agent-zero,1022651
lootbotai,1022733
superbots,1022768
dolphinxbot,1022775
candybot,1022782
panopticbot,1022795
chat3bot,1022799
breadtrade,1022821
boostbot,1022828
merchbot,1022932
balmybot,1022953
tarotbot,1023086
bubblyfinancebot,1023110
bean-bot,1023125
upbots,1023292
psyagent,1023299
fungiagent,1023303
maestrobots,1023342
lumibotsart,1023344
ratibot,1023367
syndrbot,1023447
ottobots,1023465
burnbot,1023634
unityai,1023642
lumkeeper,1023644
pumpmasterbots,1024007
xaiagentai,1024057
guildbot,1024134
robotbipedal,1024196
fluxbot,1024744
basedclankbot,1024956
jesseaibot,1025019
maestrobot,1025028
defidashagent,1025342
cryptoballer,1025396
3486484,1027297
debtreliefbot,1028812
seekr,1028947
dreamboybot,1032043
autoagent,1032619
testes-bot,1032951
kirinne,1032996
avaaiagent,1033731
immortal111,1034404
hamsterbot,1035542
agenttest,1035543
hamsterbot5000,1035544
fartagent,1035733
pyrobot,1037298
bread-bot,1037775
jestrbot,1037801
remixbot,1037823
avoacom,1038382
osobot,1038538
attiobot,1038632
townsbot,1038750
runwaybot,1038805
peezyaiagent,1000025
ruryagent,1001096
predictionbot,1006281
megapotbot,1006391
gigabotagent,1006981
gigabot,1007251
agentpnoun,1015535
aixclank,1017260
elin0r,1017387
mamoai,1017858
drbmissionary,1019759
anonless,952504
megabot,954033
wizardofgnars,963211
itsgloria,963321
wagent,963403
basedpolishbot,965763
aixbtagents,966233
intenet,966596
intenetern,966650
basedpain,977454
streme,977947
shazaam420,978424
proagent,978667
melaneatwump,980176
indigo-purple,995553
claimbot,998621
monkeyjcck,1094022
progai,1095796
